network,video_id
donana,htAW7-X11C0
donana,sqkdTq9bMp8
donana,6AtyTwyTK54
donana,314swNS55F4
donana,C6bitbg9MHQ
donana,DLpYDZsIoeI
donana,xV1EDjrpRsc
donana,vOudk-qegLU
donana,llSfmtnJouA
donana,fWexsQqHUmg
donana,f4IubliX5_M
donana,n4zWfIPv7Aw
donana,uo7Ffc31-c0
donana,Ri0bhtWsVOI
donana,OZEt9xL4xbM
donana,WDEmsyH3D0o
donana,WfhdxQXokmM
donana,-OW9W0-GaJQ
donana,zEZBvHLUdPw
donana,_Us5fBJmAlY
donana,1lzt0fbYvqo
donana,8TBQ39dpc-Q
donana,Uu2z7CC4ub8
donana,NmeWpp8riQs
donana,XeE9i_P-5WE
donana,mxheHU0iH1Q
donana,1kqk1a7zwVs
donana,6kRynqL6lb0
donana,-twG6kDt1Ho
donana,rUjhEFRITbA
